sid,name_e,name_t,lat,lon
A01,Suvarnabhumi,สุวรรณภูมิ,13.69808701,100.7522355
A02,Lat Krabang,ลาดกระบัง,13.72773403,100.7486244
A03,Ban Thap Chang,บ้านทับช้าง,13.73284402,100.6914572
A04,Hua Mak,หัวหมาก,13.73795756,100.6453466
A05,Ramkhamhaeng,รามคำแหง,13.74295281,100.6003118
A06,Makkasan,มักกะสัน,13.75105968,100.5611013
A07,Ratchaprarop,ราชปรารภ,13.75513782,100.5418289
A08,Phaya Thai,พญาไท,13.75671306,100.5349773
